Workbook

Sheet Engineering AC Model
A1: Transmission Line Complex Impedance and Power Calculations
A3: Frequency f (Hz) | B3: 50 | D3: Frequency
A4: Resistance R (Ω) | B4: 27 | D4: R2 Var (Ω) | E4: 5 | F4: R6 Var (Ω) | G4: 5
A5: Inductance L (H) | B5: 0.001 | D5: L2 Var (H) | E5: 0.001 | F5: L6 Var (H) | G5: 0.01
A6: Capacitance C (F) | B6: 1e-08 | D6: R4 Var (Ω) | E6: 5 | F6: R8 Var (Ω) | G6: 3
A7: Supply Voltage V (V) | B7: =COMPLEX(24,0,"i") -> 24 | D7: L4 Var (H) | E7: 0.001 | F7: L8 Var (H) | G7: 0.01
A10: Section | B10: Length (m) | C10: R (Ω) | D10: X_L = +jωL (Ω) | E10: X_C = -j/ωC (Ω) | F10: RTOTAL (Ω) | G10: Complex Z = R + jX | H10: |Z| Magnitude (Ω) | I10: TOTAL IMPEDANCE(a+bi) | J10: Current I = V/|Z| (A) | K10: Apparent Power S (VA) | L10: Real Power P (W) | M10: Reactive Power Q (VAR) | N10: jXl | O10: |Z_RL| (Ω) | P10: Angle_RL (deg) | Q10: Expected Fault Current (A)
A11: 1 | B11: 1 | C11: =$B$4 -> 27 | D11: =2*PI()*$B$3*$B$5 -> 0.31415927 | E11: =-1/(2*PI()*$B$3*$B$6) -> -318309.89 | F11: =C11 -> 27 | G11: =COMPLEX(C11,D11,"i") -> 27+0,314159265358979i | H11: =ROUND(IMABS(G11),3) & "<" & ROUND(DEGREES(IMARGUMENT(G11)),2) & "°" -> 27,002<0,67° | I11: =G11 -> 27+0,314159265358979i | J11: =ROUND(IMABS(IMDIV(B7,G11)),3) & "<" & ROUND(DEGREES(IMARGUMENT(IMDIV(B7,G11))),2) -> 0,889<-0,67 | K11: =IMPRODUCT(B7,Q11) -> 21,3318893677384 | L11: =ROUND(K11*COS(RADIANS(DEGREES(ATAN(N11/F11)))),3 ) -> 21.33 | M11: =K11*SIN(RADIANS(DEGREES(ATAN(N11/F11)))) -> 0.248191 | N11: =D11 -> 0.31415927 | O11: =SQRT((SUM($C$11:C11)^2)+(SUM($D$11:D11)^2)) -> 27.001828 | P11: =DEGREES(ATAN(SUM($D$11:D11)/SUM($C$11:C11))) -> 0.66663658 | Q11: =$B$7/O11 -> 0.88882872
A12: 2 | B12: 2 | C12: =$E$4 -> 5 | D12: =2*PI()*$B$3*$E$5 -> 0.31415927 | E12: =-1/(2*PI()*$B$3*$B$6) -> -318309.89 | F12: =F11+C12 -> 32 | G12: =COMPLEX(C12,D12,"i") -> 5+0,314159265358979i | H12: =ROUND(IMABS(G12),3) & "<" & ROUND(DEGREES(IMARGUMENT(G12)),2) & "°" -> 5,01<3,6° | I12: =IMSUM(G11,G12) -> 32+0,628318530717958i | J12: =ROUND(IMABS(IMDIV(B7,I12)),3) & "<" & ROUND(DEGREES(IMARGUMENT(IMDIV(B7,I12))),2) -> 0,75<-1,12 | K12: =IMPRODUCT(B7,Q12) -> 17,9965312201632 | L12: =K12*COS(RADIANS(DEGREES(ATAN(N12/F12)))) -> 17.993063 | M12: =K12*SIN(RADIANS(DEGREES(ATAN(N12/F12)))) -> 0.35329297 | N12: =N11+D12 -> 0.62831853 | O12: =SQRT((SUM($C$11:C12)^2)+(SUM($D$11:D12)^2)) -> 32.006168 | P12: =DEGREES(ATAN(SUM($D$11:D12)/SUM($C$11:C12))) -> 1.1248555 | Q12: =$B$7/O12 -> 0.74985547
A13: 3 | B13: 3 | C13: =$B$4 -> 27 | D13: =2*PI()*$B$3*$B$5 -> 0.31415927 | E13: =-1/(2*PI()*$B$3*$B$6) -> -318309.89 | F13: =F12+C13 -> 59 | G13: =COMPLEX(C13,D13,"i") -> 27+0,314159265358979i | H13: =ROUND(IMABS(G13),3) & "<" & ROUND(DEGREES(IMARGUMENT(G13)),2) & "°" -> 27,002<0,67° | I13: =IMSUM(I12,G13) -> 59+0,942477796076937i | J13: =ROUND(IMABS(IMDIV(B7,I13)),3) & "<" & ROUND(DEGREES(IMARGUMENT(IMDIV(B7,I13))),2) -> 0,407<-0,92 | K13: =IMPRODUCT(B7,Q13) -> 9,76146650243066 | L13: =K13*COS(RADIANS(DEGREES(ATAN(N13/F13)))) -> 9.7602213 | M13: =K13*SIN(RADIANS(DEGREES(ATAN(N13/F13)))) -> 0.15591173 | N13: =N12+D13 -> 0.9424778 | O13: =SQRT((SUM($C$11:C13)^2)+(SUM($D$11:D13)^2)) -> 59.007527 | P13: =DEGREES(ATAN(SUM($D$11:D13)/SUM($C$11:C13))) -> 0.9151764 | Q13: =$B$7/O13 -> 0.40672777
A14: 4 | B14: 4 | C14: =$E$6 -> 5 | D14: =2*PI()*$B$3*$E$7 -> 0.31415927 | E14: =-1/(2*PI()*$B$3*$B$6) -> -318309.89 | F14: =F13+C14 -> 64 | G14: =COMPLEX(C14,D14,"i") -> 5+0,314159265358979i | H14: =ROUND(IMABS(G14),3) & "<" & ROUND(DEGREES(IMARGUMENT(G14)),2) & "°" -> 5,01<3,6° | I14: =IMSUM(I13,G14) -> 64+1,25663706143592i | J14: =ROUND(IMABS(IMDIV(B7,I14)),3) & "<" & ROUND(DEGREES(IMARGUMENT(IMDIV(B7,I14))),2) -> 0,375<-1,12 | K14: =IMPRODUCT(B7,Q14) -> 8,99826561008162 | L14: =K14*COS(RADIANS(DEGREES(ATAN(N14/F14)))) -> 8.9965316 | M14: =K14*SIN(RADIANS(DEGREES(ATAN(N14/F14)))) -> 0.17664648 | N14: =N13+D14 -> 1.2566371 | O14: =SQRT((SUM($C$11:C14)^2)+(SUM($D$11:D14)^2)) -> 64.012336 | P14: =DEGREES(ATAN(SUM($D$11:D14)/SUM($C$11:C14))) -> 1.1248555 | Q14: =$B$7/O14 -> 0.37492773
A15: 5 | B15: 5 | C15: =$B$4 -> 27 | D15: =2*PI()*$B$3*$B$5 -> 0.31415927 | E15: =-1/(2*PI()*$B$3*$B$6) -> -318309.89 | F15: =F14+C15 -> 91 | G15: =COMPLEX(C15,D15,"i") -> 27+0,314159265358979i | H15: =ROUND(IMABS(G15),3) & "<" & ROUND(DEGREES(IMARGUMENT(G15)),2) & "°" -> 27,002<0,67° | I15: =IMSUM(I14,G15) -> 91+1,5707963267949i | J15: =ROUND(IMABS(IMDIV(B7,I15)),3) & "<" & ROUND(DEGREES(IMARGUMENT(IMDIV(B7,I15))),2) -> 0,264<-0,99 | K15: =IMPRODUCT(B7,Q15) -> 6,32872754822531 | L15: =K15*COS(RADIANS(DEGREES(ATAN(N15/F15)))) -> 6.3277849 | M15: =K15*SIN(RADIANS(DEGREES(ATAN(N15/F15)))) -> 0.10922705 | N15: =N14+D15 -> 1.5707963 | O15: =SQRT((SUM($C$11:C15)^2)+(SUM($D$11:D15)^2)) -> 91.013556 | P15: =DEGREES(ATAN(SUM($D$11:D15)/SUM($C$11:C15))) -> 0.98891278 | Q15: =$B$7/O15 -> 0.26369698
A16: 6 | B16: 6 | C16: =$G$4 -> 5 | D16: =2*PI()*$B$3*$G$5 -> 3.1415927 | E16: =-1/(2*PI()*$B$3*$B$6) -> -318309.89 | F16: =F15+C16 -> 96 | G16: =COMPLEX(C16,D16,"i") -> 5+3,14159265358979i | H16: =ROUND(IMABS(G16),3) & "<" & ROUND(DEGREES(IMARGUMENT(G16)),2) & "°" -> 5,905<32,14° | I16: =IMSUM(I15,G16) -> 96+4,71238898038469i | J16: =ROUND(IMABS(IMDIV(B7,I16)),3) & "<" & ROUND(DEGREES(IMARGUMENT(IMDIV(B7,I16))),2) -> 0,25<-2,81 | K16: =IMPRODUCT(B7,Q16) -> 5,99278432323999 | L16: =K16*COS(RADIANS(DEGREES(ATAN(N16/F16)))) -> 5.9855773 | M16: =K16*SIN(RADIANS(DEGREES(ATAN(N16/F16)))) -> 0.29381634 | N16: =N15+D16 -> 4.712389 | O16: =SQRT((SUM($C$11:C16)^2)+(SUM($D$11:D16)^2)) -> 96.11559 | P16: =DEGREES(ATAN(SUM($D$11:D16)/SUM($C$11:C16))) -> 2.8102443 | Q16: =$B$7/O16 -> 0.24969935
A17: 7 | B17: 7 | C17: =$B$4 -> 27 | D17: =2*PI()*$B$3*$B$5 -> 0.31415927 | E17: =-1/(2*PI()*$B$3*$B$6) -> -318309.89 | F17: =F16+C17 -> 123 | G17: =COMPLEX(C17,D17,"i") -> 27+0,314159265358979i | H17: =ROUND(IMABS(G17),3) & "<" & ROUND(DEGREES(IMARGUMENT(G17)),2) & "°" -> 27,002<0,67° | I17: =IMSUM(I16,G17) -> 123+5,02654824574367i | J17: =ROUND(IMABS(IMDIV(B7,I17)),3) & "<" & ROUND(DEGREES(IMARGUMENT(IMDIV(B7,I17))),2) -> 0,195<-2,34 | K17: =IMPRODUCT(B7,Q17) -> 4,67902135923388 | L17: =K17*COS(RADIANS(DEGREES(ATAN(N17/F17)))) -> 4.6751191 | M17: =K17*SIN(RADIANS(DEGREES(ATAN(N17/F17)))) -> 0.19105457 | N17: =N16+D17 -> 5.0265482 | O17: =SQRT((SUM($C$11:C17)^2)+(SUM($D$11:D17)^2)) -> 123.10267 | P17: =DEGREES(ATAN(SUM($D$11:D17)/SUM($C$11:C17))) -> 2.3401613 | Q17: =$B$7/O17 -> 0.19495922
A18: 8 | B18: 8 | C18: =$G$6 -> 3 | D18: =2*PI()*$B$3*$G$7 -> 3.1415927 | E18: =-1/(2*PI()*$B$3*$B$6) -> -318309.89 | F18: =F17+C18 -> 126 | G18: =COMPLEX(C18,D18,"i") -> 3+3,14159265358979i | H18: =ROUND(IMABS(G18),3) & "<" & ROUND(DEGREES(IMARGUMENT(G18)),2) & "°" -> 4,344<46,32° | I18: =IMSUM(I17,G18) -> 126+8,16814089933346i | J18: =ROUND(IMABS(IMDIV(B7,I18)),3) & "<" & ROUND(DEGREES(IMARGUMENT(IMDIV(B7,I18))),2) -> 0,19<-3,71 | K18: =IMPRODUCT(B7,Q18) -> 4,56185307962597 | L18: =K18*COS(RADIANS(DEGREES(ATAN(N18/F18)))) -> 4.5522976 | M18: =K18*SIN(RADIANS(DEGREES(ATAN(N18/F18)))) -> 0.29510959 | N18: =N17+D18 -> 8.1681409 | O18: =SQRT((SUM($C$11:C18)^2)+(SUM($D$11:D18)^2)) -> 126.26448 | P18: =DEGREES(ATAN(SUM($D$11:D18)/SUM($C$11:C18))) -> 3.7090957 | Q18: =$B$7/O18 -> 0.19007721
A19: 9 | B19: 9 | C19: =$B$4 -> 27 | D19: =2*PI()*$B$3*$B$5 -> 0.31415927 | E19: =-1/(2*PI()*$B$3*$B$6) -> -318309.89 | F19: =F18+C19 -> 153 | G19: =COMPLEX(C19,D19,"i") -> 27+0,314159265358979i | H19: =ROUND(IMABS(G19),3) & "<" & ROUND(DEGREES(IMARGUMENT(G19)),2) & "°" -> 27,002<0,67° | I19: =IMSUM(I18,G19) -> 153+8,48230016469244i | J19: =ROUND(IMABS(IMDIV(B7,I19)),3) & "<" & ROUND(DEGREES(IMARGUMENT(IMDIV(B7,I19))),2) -> 0,157<-3,17 | K19: =IMPRODUCT(B7,Q19) -> 3,75893362417507 | L19: =K19*COS(RADIANS(DEGREES(ATAN(N19/F19)))) -> 3.7531702 | M19: =K19*SIN(RADIANS(DEGREES(ATAN(N19/F19)))) -> 0.20807527 | N19: =N18+D19 -> 8.4823002 | O19: =SQRT((SUM($C$11:C19)^2)+(SUM($D$11:D19)^2)) -> 153.23495 | P19: =DEGREES(ATAN(SUM($D$11:D19)/SUM($C$11:C19))) -> 3.1732222 | Q19: =$B$7/O19 -> 0.15662223
A20: 10 | B20: 10 | C20: =$B$4 -> 27 | D20: =2*PI()*$B$3*$B$5 -> 0.31415927 | E20: =-1/(2*PI()*$B$3*$B$6) -> -318309.89 | F20: =F19+C20 -> 180 | G20: =COMPLEX(C20,D20,"i") -> 27+0,314159265358979i | H20: =ROUND(IMABS(G20),3) & "<" & ROUND(DEGREES(IMARGUMENT(G20)),2) & "°" -> 27,002<0,67° | I20: =IMSUM(I19,G20) -> 180+8,79645943005142i | J20: =ROUND(IMABS(IMDIV(B7,I20)),3) & "<" & ROUND(DEGREES(IMARGUMENT(IMDIV(B7,I20))),2) -> 0,133<-2,8 | K20: =IMPRODUCT(B7,Q20) -> 3,19618570969585 | L20: =K20*COS(RADIANS(DEGREES(ATAN(N20/F20)))) -> 3.192376 | M20: =K20*SIN(RADIANS(DEGREES(ATAN(N20/F20)))) -> 0.15600892 | N20: =N19+D20 -> 8.7964594 | O20: =SQRT((SUM($C$11:C20)^2)+(SUM($D$11:D20)^2)) -> 180.21481 | P20: =DEGREES(ATAN(SUM($D$11:D20)/SUM($C$11:C20))) -> 2.7977742 | Q20: =$B$7/O20 -> 0.1331744
A25: Engineering Equations
A27: X_L = 2πfL
A28: X_C = -1/(2πfC)
A29: X = X_L - X_C
A30: Z = R + jX
A31: |Z| = √(R² + X²)
A32: θ = tan⁻¹(X/R)
A33: I = V/|Z|
A34: S = VI
A35: P = S cosθ
A36: Q = S sinθ

Sheet Conductors
A1: ACSR Conductor Library
A2: Source: CONDUCTORS[] table in the ESP32 firmware (lvfd_v7.ino); values supplied by the user. Resistance only (no reactance), as in the firmware.
A4: Conductor | B4: Area (mm²) | C4: Resistance (Ω/km) | D4: Firmware index
A5: MOLE | B5: 6.45 | C5: 4.5 | D5: =ROW()-ROW($A$5) -> 0
A6: RABBIT | B6: 32.26 | C6: 0.868 | D6: =ROW()-ROW($A$5) -> 1
A7: DOG | B7: 64.52 | C7: 0.434 | D7: =ROW()-ROW($A$5) -> 2
A8: WOLF | B8: 150 | C8: 0.182 | D8: =ROW()-ROW($A$5) -> 3
A9: CANARY | B9: 290.9 | C9: 0.0965 | D9: =ROW()-ROW($A$5) -> 4
A10: ZEBRA | B10: 428.9 | C10: 0.0675 | D10: =ROW()-ROW($A$5) -> 5
A12: Add or edit conductors in the blue cells. Keep the order identical to the firmware catalog (the index is what the dashboard sends).

Sheet Line Setup
A1: Line Setup, Conductor Selection and Detection Thresholds
A2: Blue = input. Choose a whole-line conductor, then override individual sections if the line is mixed (same idea as the dashboard).
A3: Supply voltage V (V rms) | B3: =IMABS('Engineering AC Model'!B7) -> 24 | C3: Linked to 'Engineering AC Model'!B7
A4: Load resistance R_load (Ω) | B4: 460 | C4: LOAD_R in the firmware (user-supplied)
A5: Sensor position (sensor is after section n, 0-4) | B5: 0 | C5: 0 = sensor at the source, sees all 5 sections
A6: Fault loop factor | B6: 1 | C6: 1.0 = one-way; 2.0 = line-to-line loop (FAULT_LOOP_FACTOR)
A7: Whole-line conductor | B7: MOLE | C7: Used by every section that has no override below
A9: Detection thresholds (ESP32 firmware constants)
A10: Minimum short-circuit current (A) | B10: 0.1 | C10: MIN_FAULT_CURRENT_A (copied from the firmware)
A11: Short-circuit margin (x expected healthy current) | B11: 1.3 | C11: FAULT_MARGIN (copied from the firmware)
A12: Fast-trip minimum current (A) | B12: 0.3 | C12: FAST_TRIP_MIN_A (copied from the firmware)
A13: Fast-trip margin (x expected healthy current) | B13: 3 | C13: FAST_TRIP_MARGIN (copied from the firmware)
A14: Minimum current for a valid Z (A) | B14: 0.02 | C14: MIN_Z_CURRENT_A (copied from the firmware)
A15: Supply-lost voltage (V) | B15: 5 | C15: SUPPLY_LOST_V (copied from the firmware)
A17: Section table
A18: Section | B18: Section R (Ω) | C18: Conductor override (optional) | D18: Conductor used | E18: Resistance (Ω/km) | F18: Seen by sensor? (1/0) | G18: Z from sensor to section end (Ω) | H18: Fault current at section end (A) = V / Z
A19: 1 | B19: 27 | D19: =IF(C19="",$B$7,C19) -> MOLE | E19: =INDEX(Conductors!$C$5:$C$10,MATCH(D19,Conductors!$A$5:$A$10,0)) -> 4.5 | F19: =IF(A19>$B$5,1,0) -> 1 | G19: =IF(F19=1,SUMPRODUCT(($A$19:$A$23>$B$5)*($A$19:$A$23<=A19)*$B$19:$B$23),0) -> 27 | H19: =IF(G19>0,$B$3/G19,0) -> 0.88888889
A20: 2 | B20: 27 | D20: =IF(C20="",$B$7,C20) -> MOLE | E20: =INDEX(Conductors!$C$5:$C$10,MATCH(D20,Conductors!$A$5:$A$10,0)) -> 4.5 | F20: =IF(A20>$B$5,1,0) -> 1 | G20: =IF(F20=1,SUMPRODUCT(($A$19:$A$23>$B$5)*($A$19:$A$23<=A20)*$B$19:$B$23),0) -> 54 | H20: =IF(G20>0,$B$3/G20,0) -> 0.44444444
A21: 3 | B21: 27 | D21: =IF(C21="",$B$7,C21) -> MOLE | E21: =INDEX(Conductors!$C$5:$C$10,MATCH(D21,Conductors!$A$5:$A$10,0)) -> 4.5 | F21: =IF(A21>$B$5,1,0) -> 1 | G21: =IF(F21=1,SUMPRODUCT(($A$19:$A$23>$B$5)*($A$19:$A$23<=A21)*$B$19:$B$23),0) -> 81 | H21: =IF(G21>0,$B$3/G21,0) -> 0.2962963
A22: 4 | B22: 27 | D22: =IF(C22="",$B$7,C22) -> MOLE | E22: =INDEX(Conductors!$C$5:$C$10,MATCH(D22,Conductors!$A$5:$A$10,0)) -> 4.5 | F22: =IF(A22>$B$5,1,0) -> 1 | G22: =IF(F22=1,SUMPRODUCT(($A$19:$A$23>$B$5)*($A$19:$A$23<=A22)*$B$19:$B$23),0) -> 108 | H22: =IF(G22>0,$B$3/G22,0) -> 0.22222222
A23: 5 | B23: 27 | D23: =IF(C23="",$B$7,C23) -> MOLE | E23: =INDEX(Conductors!$C$5:$C$10,MATCH(D23,Conductors!$A$5:$A$10,0)) -> 4.5 | F23: =IF(A23>$B$5,1,0) -> 1 | G23: =IF(F23=1,SUMPRODUCT(($A$19:$A$23>$B$5)*($A$19:$A$23<=A23)*$B$19:$B$23),0) -> 135 | H23: =IF(G23>0,$B$3/G23,0) -> 0.17777778
A24: Section R = known impedance of each section (27 Ω lab resistor per section, user-supplied). Column G is the Z a fault at the end of that section would show.
A26: Healthy line as seen by the sensor (at the nominal supply voltage)
A27: Healthy impedance Σ R + R_load (Ω) | B27: =SUMPRODUCT($F$19:$F$23,$B$19:$B$23)+$B$4 -> 595
A28: Expected healthy current (A) = V / Z | B28: =$B$3/B27 -> 0.040336134
A29: Short-circuit threshold (A) | B29: =MAX($B$10,$B$11*B28) -> 0.1
A30: Fast-trip threshold (A) | B30: =MAX($B$12,$B$13*B28) -> 0.3
A31: Sections monitored | B31: =SUM($F$19:$F$23) -> 5
A32: Coverage | B32: =IF($B$5=0,"S1-S5 full coverage","S"&($B$5+1)&"-S5 (blind S1-S"&$B$5&")") -> S1-S5 full coverage

Sheet Fault Locator
A1: Fault Locator: Measured V and I -> Fault Impedance -> Distance
A2: Same method as the ESP32: Z = V / I, then the impedance is used up section by section, each converted to km with ITS OWN conductor Ω/km. No line length is assumed.
A4: Measured voltage V (V rms) | B4: 24 | C4: Example value - overwrite with the dashboard LIVE reading
A5: Measured current I (A rms) | B5: 0.25 | C5: Example value - overwrite with the dashboard LIVE reading
A7: Supply present? | B7: =IF(B4>='Line Setup'!B15,"YES","NO - SUPPLY LOST") -> YES
A8: Expected healthy current (A) | B8: =B4/'Line Setup'!B27 -> 0.040336134
A9: Short-circuit threshold (A) | B9: =MAX('Line Setup'!B10,'Line Setup'!B11*B8) -> 0.1
A10: Fast-trip threshold (A) | B10: =MAX('Line Setup'!B12,'Line Setup'!B13*B8) -> 0.3
A11: System state | B11: =IF(B4<'Line Setup'!B15,"NO_SUPPLY",IF(B5>=B10,"FAULT (fast trip)",IF(B5>=B9,"SUSPECT (confirmed after delay)","NORMAL"))) -> SUSPECT (confirmed after delay)
A12: Fault detected? (1 = yes) | B12: =IF(AND(B4>='Line Setup'!B15,B5>=B9),1,0) -> 1
A13: Fault impedance Z = V / I (Ω) | B13: =IF(B5>0,B4/B5,0) -> 96
A14: Z valid? (I above minimum) | B14: =IF(B5>='Line Setup'!B14,"YES","NO - current too low") -> YES
A16: Section-by-section walk (impedance -> km, per conductor)
A17: Section | B17: Seen by sensor? | C17: Conductor | D17: Resistance (Ω/km) | E17: Section R (Ω) | F17: Z at start of section (Ω) | G17: Z used in this section (Ω) | H17: Distance in this section (km) | I17: Fault in this section? (1/0) | J17: |Z - Z at section end| (Ω)
A18: ='Line Setup'!A19 -> 1 | B18: ='Line Setup'!F19 -> 1 | C18: ='Line Setup'!D19 -> MOLE | D18: ='Line Setup'!E19 -> 4.5 | E18: ='Line Setup'!B19 -> 27 | F18: =IF(B18=1,SUMPRODUCT(('Line Setup'!$A$19:$A$23>'Line Setup'!$B$5)*('Line Setup'!$A$19:$A$23<A18)*$E$18:$E$22),0) -> 0 | G18: =IF(B18=1,MIN(MAX($B$13-F18,0),E18),0) -> 27 | H18: =IF(B18=1,G18/(D18*'Line Setup'!$B$6),0) -> 6 | I18: =IF(AND(B18=1,OR($B$13<=F18+E18,A18=MAX($A$18:$A$22)),SUM(I$17:I17)=0),1,0) -> 0 | J18: =IF(B18=1,ABS($B$13-(F18+E18)),1000000000) -> 69
A19: ='Line Setup'!A20 -> 2 | B19: ='Line Setup'!F20 -> 1 | C19: ='Line Setup'!D20 -> MOLE | D19: ='Line Setup'!E20 -> 4.5 | E19: ='Line Setup'!B20 -> 27 | F19: =IF(B19=1,SUMPRODUCT(('Line Setup'!$A$19:$A$23>'Line Setup'!$B$5)*('Line Setup'!$A$19:$A$23<A19)*$E$18:$E$22),0) -> 27 | G19: =IF(B19=1,MIN(MAX($B$13-F19,0),E19),0) -> 27 | H19: =IF(B19=1,G19/(D19*'Line Setup'!$B$6),0) -> 6 | I19: =IF(AND(B19=1,OR($B$13<=F19+E19,A19=MAX($A$18:$A$22)),SUM(I$17:I18)=0),1,0) -> 0 | J19: =IF(B19=1,ABS($B$13-(F19+E19)),1000000000) -> 42
A20: ='Line Setup'!A21 -> 3 | B20: ='Line Setup'!F21 -> 1 | C20: ='Line Setup'!D21 -> MOLE | D20: ='Line Setup'!E21 -> 4.5 | E20: ='Line Setup'!B21 -> 27 | F20: =IF(B20=1,SUMPRODUCT(('Line Setup'!$A$19:$A$23>'Line Setup'!$B$5)*('Line Setup'!$A$19:$A$23<A20)*$E$18:$E$22),0) -> 54 | G20: =IF(B20=1,MIN(MAX($B$13-F20,0),E20),0) -> 27 | H20: =IF(B20=1,G20/(D20*'Line Setup'!$B$6),0) -> 6 | I20: =IF(AND(B20=1,OR($B$13<=F20+E20,A20=MAX($A$18:$A$22)),SUM(I$17:I19)=0),1,0) -> 0 | J20: =IF(B20=1,ABS($B$13-(F20+E20)),1000000000) -> 15
A21: ='Line Setup'!A22 -> 4 | B21: ='Line Setup'!F22 -> 1 | C21: ='Line Setup'!D22 -> MOLE | D21: ='Line Setup'!E22 -> 4.5 | E21: ='Line Setup'!B22 -> 27 | F21: =IF(B21=1,SUMPRODUCT(('Line Setup'!$A$19:$A$23>'Line Setup'!$B$5)*('Line Setup'!$A$19:$A$23<A21)*$E$18:$E$22),0) -> 81 | G21: =IF(B21=1,MIN(MAX($B$13-F21,0),E21),0) -> 15 | H21: =IF(B21=1,G21/(D21*'Line Setup'!$B$6),0) -> 3.3333333 | I21: =IF(AND(B21=1,OR($B$13<=F21+E21,A21=MAX($A$18:$A$22)),SUM(I$17:I20)=0),1,0) -> 1 | J21: =IF(B21=1,ABS($B$13-(F21+E21)),1000000000) -> 12
A22: ='Line Setup'!A23 -> 5 | B22: ='Line Setup'!F23 -> 1 | C22: ='Line Setup'!D23 -> MOLE | D22: ='Line Setup'!E23 -> 4.5 | E22: ='Line Setup'!B23 -> 27 | F22: =IF(B22=1,SUMPRODUCT(('Line Setup'!$A$19:$A$23>'Line Setup'!$B$5)*('Line Setup'!$A$19:$A$23<A22)*$E$18:$E$22),0) -> 108 | G22: =IF(B22=1,MIN(MAX($B$13-F22,0),E22),0) -> 0 | H22: =IF(B22=1,G22/(D22*'Line Setup'!$B$6),0) -> 0 | I22: =IF(AND(B22=1,OR($B$13<=F22+E22,A22=MAX($A$18:$A$22)),SUM(I$17:I21)=0),1,0) -> 0 | J22: =IF(B22=1,ABS($B$13-(F22+E22)),1000000000) -> 39
A24: Result
A25: Fault distance from sensor (km) | B25: =IF(B12=1,SUM(H18:H22),"no fault") -> 21.333333
A26: Fault distance from sensor (m) | B26: =IF(B12=1,B25*1000,"no fault") -> 21333.333
A27: Fault lies in section | B27: =IF(B12=1,SUMPRODUCT(I18:I22,A18:A22),"-") -> 4
A28: Conductor in that section | B28: =IF(B12=1,INDEX(C18:C22,B27),"-") -> MOLE
A29: Nearest section end (legacy ESP32 section no.) | B29: =IF(B12=1,MATCH(MIN(J18:J22),J18:J22,0),"-") -> 4
A30: Measured current / expected healthy current | B30: =IF(B8>0,B5/B8,0) -> 6.1979167
A31: Z larger than the whole monitored line? | B31: =IF(B12=1,IF(B13>'Line Setup'!G23,"YES - distance clamped to line end","no"),"-") -> no
A33: Distance = sum over sections of (Z used in section / that section's Ω/km x loop factor). With one conductor type this equals Z / (Ω/km x loop factor).

Sheet Conductor Compare
A1: Conductor Comparison
A2: Distance to the fault if the whole line were one conductor type, using the fault impedance from the Fault Locator sheet.
A4: Fault impedance Z (Ω) | B4: ='Fault Locator'!B13 -> 96
A5: Z limited to the monitored line (Ω) | B5: =MIN(B4,'Line Setup'!G23) -> 96 | C5: Z beyond the last section end is clamped, as in the firmware
A6: Fault detected? (1 = yes) | B6: ='Fault Locator'!B12 -> 1
A8: Same fault impedance, uniform line of each conductor
A9: Conductor | B9: Area (mm²) | C9: Resistance (Ω/km) | D9: Distance to fault (km) | E9: Distance to fault (m) | F9: Difference vs. Line Setup (km)
A10: =Conductors!A5 -> MOLE | B10: =Conductors!B5 -> 6.45 | C10: =Conductors!C5 -> 4.5 | D10: =IF($B$6=1,$B$5/(C10*'Line Setup'!$B$6),"no fault") -> 21.333333 | E10: =IF($B$6=1,D10*1000,"no fault") -> 21333.333 | F10: =IF(ISNUMBER(D10),D10-'Fault Locator'!$B$25,"n/a") -> 0
A11: =Conductors!A6 -> RABBIT | B11: =Conductors!B6 -> 32.26 | C11: =Conductors!C6 -> 0.868 | D11: =IF($B$6=1,$B$5/(C11*'Line Setup'!$B$6),"no fault") -> 110.59908 | E11: =IF($B$6=1,D11*1000,"no fault") -> 110599.08 | F11: =IF(ISNUMBER(D11),D11-'Fault Locator'!$B$25,"n/a") -> 89.265745
A12: =Conductors!A7 -> DOG | B12: =Conductors!B7 -> 64.52 | C12: =Conductors!C7 -> 0.434 | D12: =IF($B$6=1,$B$5/(C12*'Line Setup'!$B$6),"no fault") -> 221.19816 | E12: =IF($B$6=1,D12*1000,"no fault") -> 221198.16 | F12: =IF(ISNUMBER(D12),D12-'Fault Locator'!$B$25,"n/a") -> 199.86482
A13: =Conductors!A8 -> WOLF | B13: =Conductors!B8 -> 150 | C13: =Conductors!C8 -> 0.182 | D13: =IF($B$6=1,$B$5/(C13*'Line Setup'!$B$6),"no fault") -> 527.47253 | E13: =IF($B$6=1,D13*1000,"no fault") -> 527472.53 | F13: =IF(ISNUMBER(D13),D13-'Fault Locator'!$B$25,"n/a") -> 506.13919
A14: =Conductors!A9 -> CANARY | B14: =Conductors!B9 -> 290.9 | C14: =Conductors!C9 -> 0.0965 | D14: =IF($B$6=1,$B$5/(C14*'Line Setup'!$B$6),"no fault") -> 994.81865 | E14: =IF($B$6=1,D14*1000,"no fault") -> 994818.65 | F14: =IF(ISNUMBER(D14),D14-'Fault Locator'!$B$25,"n/a") -> 973.48532
A15: =Conductors!A10 -> ZEBRA | B15: =Conductors!B10 -> 428.9 | C15: =Conductors!C10 -> 0.0675 | D15: =IF($B$6=1,$B$5/(C15*'Line Setup'!$B$6),"no fault") -> 1422.2222 | E15: =IF($B$6=1,D15*1000,"no fault") -> 1422222.2 | F15: =IF(ISNUMBER(D15),D15-'Fault Locator'!$B$25,"n/a") -> 1400.8889
A17: Distance to a fault at the end of each section (km), uniform line of each conductor
A18: Section | B18: Z from sensor to section end (Ω) | C18: =Conductors!A5 -> MOLE | D18: =Conductors!A6 -> RABBIT | E18: =Conductors!A7 -> DOG | F18: =Conductors!A8 -> WOLF | G18: =Conductors!A9 -> CANARY | H18: =Conductors!A10 -> ZEBRA
A19: ='Line Setup'!A19 -> 1 | B19: ='Line Setup'!G19 -> 27 | C19: =IF($B19>0,$B19/(Conductors!$C$5*'Line Setup'!$B$6),"-") -> 6 | D19: =IF($B19>0,$B19/(Conductors!$C$6*'Line Setup'!$B$6),"-") -> 31.105991 | E19: =IF($B19>0,$B19/(Conductors!$C$7*'Line Setup'!$B$6),"-") -> 62.211982 | F19: =IF($B19>0,$B19/(Conductors!$C$8*'Line Setup'!$B$6),"-") -> 148.35165 | G19: =IF($B19>0,$B19/(Conductors!$C$9*'Line Setup'!$B$6),"-") -> 279.79275 | H19: =IF($B19>0,$B19/(Conductors!$C$10*'Line Setup'!$B$6),"-") -> 400
A20: ='Line Setup'!A20 -> 2 | B20: ='Line Setup'!G20 -> 54 | C20: =IF($B20>0,$B20/(Conductors!$C$5*'Line Setup'!$B$6),"-") -> 12 | D20: =IF($B20>0,$B20/(Conductors!$C$6*'Line Setup'!$B$6),"-") -> 62.211982 | E20: =IF($B20>0,$B20/(Conductors!$C$7*'Line Setup'!$B$6),"-") -> 124.42396 | F20: =IF($B20>0,$B20/(Conductors!$C$8*'Line Setup'!$B$6),"-") -> 296.7033 | G20: =IF($B20>0,$B20/(Conductors!$C$9*'Line Setup'!$B$6),"-") -> 559.58549 | H20: =IF($B20>0,$B20/(Conductors!$C$10*'Line Setup'!$B$6),"-") -> 800
A21: ='Line Setup'!A21 -> 3 | B21: ='Line Setup'!G21 -> 81 | C21: =IF($B21>0,$B21/(Conductors!$C$5*'Line Setup'!$B$6),"-") -> 18 | D21: =IF($B21>0,$B21/(Conductors!$C$6*'Line Setup'!$B$6),"-") -> 93.317972 | E21: =IF($B21>0,$B21/(Conductors!$C$7*'Line Setup'!$B$6),"-") -> 186.63594 | F21: =IF($B21>0,$B21/(Conductors!$C$8*'Line Setup'!$B$6),"-") -> 445.05495 | G21: =IF($B21>0,$B21/(Conductors!$C$9*'Line Setup'!$B$6),"-") -> 839.37824 | H21: =IF($B21>0,$B21/(Conductors!$C$10*'Line Setup'!$B$6),"-") -> 1200
A22: ='Line Setup'!A22 -> 4 | B22: ='Line Setup'!G22 -> 108 | C22: =IF($B22>0,$B22/(Conductors!$C$5*'Line Setup'!$B$6),"-") -> 24 | D22: =IF($B22>0,$B22/(Conductors!$C$6*'Line Setup'!$B$6),"-") -> 124.42396 | E22: =IF($B22>0,$B22/(Conductors!$C$7*'Line Setup'!$B$6),"-") -> 248.84793 | F22: =IF($B22>0,$B22/(Conductors!$C$8*'Line Setup'!$B$6),"-") -> 593.40659 | G22: =IF($B22>0,$B22/(Conductors!$C$9*'Line Setup'!$B$6),"-") -> 1119.171 | H22: =IF($B22>0,$B22/(Conductors!$C$10*'Line Setup'!$B$6),"-") -> 1600
A23: ='Line Setup'!A23 -> 5 | B23: ='Line Setup'!G23 -> 135 | C23: =IF($B23>0,$B23/(Conductors!$C$5*'Line Setup'!$B$6),"-") -> 30 | D23: =IF($B23>0,$B23/(Conductors!$C$6*'Line Setup'!$B$6),"-") -> 155.52995 | E23: =IF($B23>0,$B23/(Conductors!$C$7*'Line Setup'!$B$6),"-") -> 311.05991 | F23: =IF($B23>0,$B23/(Conductors!$C$8*'Line Setup'!$B$6),"-") -> 741.75824 | G23: =IF($B23>0,$B23/(Conductors!$C$9*'Line Setup'!$B$6),"-") -> 1398.9637 | H23: =IF($B23>0,$B23/(Conductors!$C$10*'Line Setup'!$B$6),"-") -> 2000

Sheet Project Notes
A1: Project Notes: Low Voltage Fault Detector (LVFD) Calculations
A3: Sheets
A4: Engineering AC Model | B4: Original sheet, unchanged: R + jX per section, cumulative impedance, current and power.
A5: Conductors | B5: ACSR library (Ω/km) used to convert impedance to distance. Same table as the ESP32 firmware.
A6: Line Setup | B6: Supply, load, sensor position, whole-line conductor and per-section overrides; healthy current and thresholds.
A7: Fault Locator | B7: Enter measured V and I -> Z = V/I -> distance to the fault, section by section.
A8: Conductor Compare | B8: Same fault impedance on a uniform line of every conductor type.
A10: Method
A11: 1. Current | B11: Healthy current I = V / (Σ R of monitored sections + R_load). Short-circuit threshold = MAX(0.100 A, 1.30 x healthy). Fast trip = MAX(0.300 A, 3.0 x healthy).
A12: 2. Impedance | B12: Fault impedance Z = V / I, measured at the sensor. The known impedance of each section is the Z a fault at its end would show.
A13: 3. Distance | B13: Z is used up section by section starting at the sensor. Each full section adds R_section / (its conductor Ω/km). The section containing the fault adds the Z left / (its conductor Ω/km). The pieces are summed.
A14: 4. Mixed line | B14: Pick a conductor per section on Line Setup. Each section is converted with its own Ω/km, then added. One conductor type reduces to Z / (Ω/km).
A16: Assumptions
A17: Resistive model | B17: The distance method uses resistance only (|Z| = V/I), as the ESP32 does. Reactance is in the original sheet but not used for distance.
A18: Line length | B18: Total and per-section lengths are not assumed or shown; distance comes only from the measured impedance.
A19: Inputs | B19: Blue cells are inputs. Section R (27 Ω), load R (460 Ω), thresholds and conductor values were taken from the user's ESP32 firmware. Measured V and I on Fault Locator are example values.
